ACCOUNTNO|COMPANYCODE|CONTRACTYPE|CONTRACTNO|CONTRACTNAME|BUSINESSAREA|RETOBJID|LOCATION|LOCATIONDESC|VALIDFROM|VALIDTO|CONTRSTARTDATE|FIRSTCONTREND|CONTRENDDATE|TERMINMONTHS|SECURITYDEPOSIT|UTILITYDEPOSIT|OPERATIONDEPOSIT
300001598|2000|T03|3300000000009|KUALA LUMPUR AVIATION FEULLING SYSTEM (CO.CODE:0031)|00002040|00008519|00130001|Aircraft Fuelling System|00000000|0|20080901|20480430|20480430|75|00|00|00
300001870|1000|M05|2500000000035|The Flying Emporium|00001000|00010728|00130003|CPD NA 5|00000000|0|20050601|20171231|20171231|50|03|01|01
300001294|1000|O01|5100000000013|Gold City Counter|00001000|00010857|00130449|In front of Gold City outlet|00000000|0|20110101|20130214|20171231|83|00|00|00
300001919|1000|O01|5100000000007|Hot & Roll, CP|00001000|00011018|00130028|Lot no 9|00000000|0|20120301|20130228|20171231|69|00|00|00
MAN|1000|O01|5100000000006|MAN Hersheys|00001000|00011017|00130027|Lot no 1|00000000|0|20110101|20130430|20171231|83|00|00|00
300000455|1000|M03|2300000000071|BANK ISLAM MALAYSIA|00001000|00011030|00130023|LOT CPI NA2, PASSANGER LVL|00000000|0|20150701|20180630|20180630|35|03|01|01
300002797|1000|M02|2200000000111|DOME CAFÉ|00001000|00010875|00130412|Lot SATP NA1 (C), Passanger Level Satellite.|00000000|0|20150701|20180630|20180630|35|03|01|01
300002554|1000|M02|2200000000134|FUKUYA KLIA.|00001000|00010694|00130453|SATMZ 24 AND SATMZ 2|00000000|0|20150701|20180630|20180630|35|03|01|01
300001715|1000|M02|2200000000114|STAFF CAFETERIA (RIMBA)|00001000|00010693|00130452|SATMZ 1|00000000|0|20150701|20180630|20180630|35|03|01|01
300002794|1000|M03|2300000000070|CIMB ISLAMIC BANK|00001000|00010788|00130382|Lot SATP G04, Passanger Level|00000000|0|20150701|20180630|20180630|35|03|01|01
300002814|1000|M01|2100000000085|Versace|00001000|00010710|00130469|SATP H08|00000000|0|20150701|20180630|20180630|35|03|01|01
300002446|1000|M01|2100000000086|MCM|00001000|00010709|00130468|SATP A03|00000000|20180630|20150701|20180630|20180630|35|03|01|01
300002584|1000|M05|2500000000148|Convenience Store (Al Jasmine)|00001000|00010771|00130527|LOT 4, GROUND FLOOR, BLOCK C S.T CAR PARK|00000000|0|20150701|20180630|20180630|35|03|01|01
300002408|1000|M03|2300000000058|Wellness Spa & Salon / Plaza Premium Lounge|00001400|00015384|00130070|LOT NO. S3-2-A07|00000000|0|20140501|20170430|20190430|59|00|00|00
300001520|1000|M02|2200000000115|BURGER KING (SAT)|00001000|00010755|00130512|F&B S04 - H SBML|00000000|0|20150701|20180630|20180630|35|03|01|01
300001919|1000|M02|2200000000131|O'BRIENS|00001000|00010756|00130513|Lot SATMZ 3 (a) - (b), Mezzanine Level Satellite|00000000|0|20150701|20180630|20180630|35|03|01|01
300002820|1000|M02|2200000000141|THE OLIVE TREE|00001000|00010753|00130510|Lot SATMZ 4, Satellite|00000000|0|20150701|20180630|20180630|35|03|01|01
300002816|1000|O01|5100000000003|Chocolate Level 3 - Multi Trading|00001000|00010356|00130144|Lot no 7|00000000|0|20121201|20130228|20171031|58|00|00|00
300001919|1000|O01|5100000000000|Hot & Roll - Arrival Hall|00001000|00010254|00130172|Lot no 3|00000000|0|20120301|20130228|20171231|69|00|00|00
300002158|1000|M02|2200000000118|NELSON'S KIOSK.|00001000|00010416|00130148|MTBAP NA2|00000000|0|20150701|20180630|20180630|35|03|01|01
MAN|1000|M05|2500000000133|Convenience Store (Airport Shoppe)|00001000|00010419|00130151|MTBAP 7a&b|00000000|0|20150701|20180630|20180630|35|00|00|00
MAN|1000|M05|2500000000144|Chocolate & Confectionery (MA(N) - Arrival)|00001000|00010418|00130150|MTBAP 06a|00000000|0|20150701|20180630|20180630|35|00|00|00
300002754|3000|C01|4100000000003|Ipoh Airport - Self Managed Car Park|00003012|00008950|00130002|Car Park|00000000|0|20130301|00021130|0|41|00|00|00
300001493|1000|O01|5100000000049|Chocolate Level 5 - Multi Trading|00001000|00010450|00130311|Lot no 3|00000000|0|20130301|20130331|20171231|57|00|00|00
300003007|1000|O01|5100000000134|Swatch Promotion @ KLIA|00001000|00010447|00130308|Lot no 9 & 10|20150201|20150831|20140801|20140831|20171231|40|00|00|00
300003007|1000|O01|5100000000134|Swatch Promotion @ KLIA|00001000|00010447|00130308|Lot no 9 & 10|20151113|0|20140801|20140831|20171231|40|00|00|00
MAN|1000|O01|5100000000084|MAN Lindt|00001000|00014310|00130685|Lot no 1, Contact Pier Building, KL International Airport|00000000|0|20130501|20130731|20171231|55|00|00|00
300002540|1000|M02|2200000000132|Boost Juice Bars|00001000|00015346|00130700|LOT SATMZ 9|00000000|0|20150701|20180630|20180630|35|03|01|01
300004158|1000|M05|2500000000117|The Flying Emporium|00001400|00016497|00130041|LOT NO. S2-2-A29|00000000|0|20140501|20170430|20190430|59|00|00|00
300004158|1000|M05|2500000000117|The Flying Emporium|00001400|00016498|00130042|LOT NO. S2-2-A30|00000000|0|20140501|20170430|20190430|59|00|00|00
300002343|3000|M02|2200000000143|OTK (GENTING)|00003051|00010094|00130051|LOT L1L05, T1|00000000|0|20150501|20180430|20180430|35|05|00|00
300000026|3000|M03|2300000000092|CIMB BANK|00003051|00010091|00130054|LOT L1L01 (C6), LEVEL 1 (LANDSIDE)|00000000|20170331|20150801|20180731|20180731|35|03|00|00
300001605|1000|M02|2200000000107|Uncle D's Cafeteria|00001400|00017842|00130311|Lot No. LS2-1-45|00000000|0|20140901|20170831|20190831|59|00|00|00
300001605|1000|M02|2200000000107|Uncle D's Cafeteria|00001400|00017841|00130312|Lot No. AS5-1-62a|00000000|0|20140901|20170831|20190831|59|00|00|00
300004907|1000|M05|2500000000127|Rasa Tidbits|00001400|00018882|00130323|Lot No. S5-1a-A06|00000000|0|20141001|20170930|20190930|59|00|00|00
300002371|1000|M03|2300000000067|Excel Wrap & Go|00001400|00016515|00130049|LOT NO. S2-3-L02b|00000000|0|20150401|20180331|20180331|35|00|00|00
300002371|1000|M03|2300000000067|Excel Wrap & Go|00001400|00016557|00130098|LOT NO. S2-3-L37d|00000000|0|20150401|20180331|20180331|35|00|00|00
300002514|1000|M01|2100000000071|Khazanah Home Decor & Gifts|00001400|00015397|00130133|LOT NO. S6-2-A19|00000000|0|20140501|20170430|20190430|59|00|00|00
MAN|1000|M05|2500000000100|Sunglasses|00001400|00016556|00130109|LOT NO. S2-3-A47|00000000|0|20140501|20170430|20190430|59|00|00|00
300003448|1000|M05|2500000000079|be™|00001400|00016476|00130112|LOT NO. S4-3-A01|00000000|0|20140501|20170430|20190430|59|00|00|00
300003448|1000|M05|2500000000079|be™|00001400|00016477|00130113|LOT NO. S4-3-A02|00000000|0|20140501|20170430|20190430|59|00|00|00
300003448|1000|M05|2500000000079|be™|00001400|00016478|00130114|LOT NO. S4-3-A03|00000000|0|20140501|20170430|20190430|59|00|00|00
300003448|1000|M05|2500000000079|be™|00001400|00016479|00130115|LOT NO. S4-3-A04|00000000|0|20140501|20170430|20190430|59|00|00|00
300001975|1000|M06|2600000000004|Starbucks Coffee|00001000|00019706|00130754|Lot CP 20|00000000|20180331|20150401|20180331|20180331|35|03|01|01
300002808|1000|M02|2200000000125|KENTUCKY FRIED CHICKEN|00001000|00019735|00130769|MTBDL 15k, 16 & 16a|00000000|0|20150701|20180630|20180630|35|03|01|01
300001520|1000|M02|2200000000121|BURGER KING (MTB)|00001000|00019731|00130765|MTBAL 4b|00000000|0|20150701|20180630|20180630|35|03|01|01
300001520|1000|M02|2200000000122|CAFÉ BARBERA|00001000|00019728|00130762|MTBDL 13e|00000000|0|20150701|20180630|20180630|35|03|01|01
300001092|1000|M02|2200000000129|MCDONALD'S|00001000|00019734|00130768|MTBDL 18b|00000000|0|20150701|20180630|20180630|35|03|01|01
300001631|1000|M02|2200000000135|THE BONES|00001000|00010747|00130505|Lot SATMZ 16(a)-(b), Mezzanine Level|00000000|0|20150701|20180630|20180630|35|03|01|01
MAN|1000|M02|2200000000138|MA NIAGA|00001000|00010745|00130566|Lot 19 CPD - MarryBrown|00000000|0|20150701|20180630|20180630|35|00|00|00
300000204|1000|M03|2300000000069|Malayan Banking|00001000|00010668|00130489|SATP A05 - BDC|00000000|0|20150701|20180630|20180630|35|03|01|01
300001520|1000|M02|2200000000093|Popeyes Chicken|00001400|00016396|00130158|LOT NO. S6-3-A04|00000000|0|20140501|20170430|20190430|59|00|00|00
300000078|1000|M05|2500000000104|Beauty Express|00001400|00016534|00130085|LOT NO. S2-3-L15|00000000|0|20140501|20170430|20190430|59|00|00|00
300002693|1000|M05|2500000000095|WH Smith|00001400|00016488|00130143|LOT NO. S6-2-A29|00000000|0|20140501|20170430|20190430|59|00|00|00
300001975|1000|M02|2200000000116|STARBUCKS COFFEE|00001000|00010681|00130494|Lot SATMZ 17(a)-(b)&18 Mezz Level Satellite|00000000|0|20150701|20180630|20180630|35|03|01|01
300001949|1000|M05|2500000000143|Mystical Borneo|00001000|00010675|00130480|SATP B02|00000000|0|20150701|20180630|20180630|35|03|01|01
300002820|1000|M02|2200000000140|SECRET RECIPE|00001000|00019733|00130767|MTBDL 31 & 31(a)|00000000|0|20150701|20180630|20180630|35|03|01|01
300001919|1000|M02|2200000000120|DELI 'N' MEAL|00001000|00010947|00130101|MTBGL 01|00000000|0|20150701|20180630|20180630|35|03|01|01
300001665|1000|M05|2500000000116|PEDRO, TUMI, HUGO BOSS & MICHAEL KORS|00001400|00015393|00130147|LOT NO. S6-2-A34|00000000|0|20140501|20170430|20190430|59|00|00|00
300001665|1000|M05|2500000000116|PEDRO, TUMI, HUGO BOSS & MICHAEL KORS|00001400|00015395|00130149|LOT NO. S6-2-A36|00000000|0|20140501|20170430|20190430|59|00|00|00
300001665|1000|M05|2500000000116|PEDRO, TUMI, HUGO BOSS & MICHAEL KORS|00001400|00015396|00130150|LOT NO. S6-2-A37|00000000|0|20140501|20170430|20190430|59|00|00|00
300001665|1000|M05|2500000000116|PEDRO, TUMI, HUGO BOSS & MICHAEL KORS|00001400|00015394|00130148|LOT NO. S6-2-A35|20170501|0|20140501|20170430|20190430|59|00|00|00
300004071|1000|M01|2100000000057|Karyaneka.|00001400|00016508|00130139|LOT NO. S6-2-A25|00000000|0|20140501|20170430|20190430|59|00|00|00
300004158|1000|M05|2500000000117|The Flying Emporium|00001400|00016496|00130040|LOT NO. S2-2-A28|00000000|0|20140501|20170430|20190430|59|00|00|00
300001520|1000|M02|2200000000128|FOOD PARADISE|00001000|00019730|00130764|MTBML 10|00000000|0|20150701|20180630|20180630|35|03|01|01
300002569|1000|M02|2200000000090|The Baker's Cottage|00001400|00016392|00130066|LOT NO. S3-1a-A18|00000000|0|20140501|20170430|20190430|59|00|00|00
300005248|1000|M02|2200000000108|Killeney Kopitiam|00001400|00016418|00130071|LOT NO. S3-2-A08|00000000|20171231|20150101|20171231|20171231|35|00|00|00
300001500|1000|M05|2500000000128|The Zon|00001400|00016529|00130068|LOT NO. S3-2-A05|00000000|0|20150101|20171231|20191231|59|00|00|00
300004066|1000|M03|2300000000063|Muamalat Bureau De Change|00001000|00010478|00130283|Lot MTBD 12a|00000000|0|20141001|20170930|20180630|44|03|01|01
300001949|1000|O01|5100000000178|King of Fruits Promotion @ MTB, KLIA|00001000|00010545|00130313|Lot no 11|00000000|0|20150318|20150331|20171231|33|00|00|00
300003007|1000|O01|5100000000134|Swatch Promotion @ KLIA|00001000|00010545|00130313|Lot no 11|00000000|20150131|20140801|20140831|20171231|40|00|00|00
300003007|1000|O01|5100000000134|Swatch Promotion @ KLIA|00001000|00010547|00130315|Lot no 12|20150901|20151112|20140801|20140831|20171231|40|00|00|00
300001283|1000|M01|2100000000059|Royal Selangor|00001400|00016568|00130137|LOT NO. S6-2-A23|00000000|0|20140501|20170430|20190430|59|00|00|00
300004048|1000|M05|2500000000109|Heng Heng Local Delights|00001400|00015368|00130090|LOT NO. S2-3-L20|00000000|0|20140501|20170430|20190430|59|00|00|00
300002693|1000|M06|2600000000001|WHSmith and O'briens|00001400|00016544|00130086|LOT NO. S2-3-L16|00000000|0|20140501|20170430|20190430|59|00|00|00
MAN|1000|M02|2200000000077|Gloria Jean's Coffees|00001400|00016419|00130067|LOT NO. S3-2-A04|00000000|0|20140501|20170430|20190430|59|00|00|00
300002693|1000|M06|2600000000001|WHSmith and O'briens|00001400|00016558|00130168|LOT NO. S2-3a-L02|00000000|0|20140501|20170430|20190430|59|00|00|00
300004038|1000|M05|2500000000106|Caring Pharmacy|00001400|00016505|00130105|LOT NO. S2-3-A42|00000000|0|20140501|20170430|20190430|59|00|00|00
300000026|1000|M03|2300000000060|CIMB Bank|00001400|00016542|00130092|LOT NO. S2-3-L33|00000000|0|20140501|20170430|20190430|59|00|00|00
300002408|1000|M03|2300000000080|PLAZA PREMIUM LOUNGE (M)|00001000|00010752|00130588|CIP 10, 11, 12 Mezzanine Lvl|00000000|0|20150701|20180630|20180630|35|00|00|00
300001949|1000|O01|5100000000180|Made In Malaysia Promotion|00001000|00010862|00130584|Lot No 4,Satellite Building|00000000|0|20150529|20150630|20171231|31|00|00|00
300004158|1000|M05|2500000000117|The Flying Emporium|00001400|00016499|00130037|LOT NO. S2-2-A20|00000000|20170430|20140501|20170430|20190430|59|00|00|00
300004158|1000|M05|2500000000117|The Flying Emporium|00001400|00016494|00130038|LOT NO. S2-2-A21|00000000|0|20140501|20170430|20190430|59|00|00|00
300004158|1000|M05|2500000000117|The Flying Emporium|00001400|00016495|00130039|LOT NO. S2-2-A22|00000000|0|20140501|20170430|20190430|59|00|00|00
300004077|1000|M02|2200000000070|Bread & Batter|00001400|00016417|00130027|LOT NO. S5-1a-A09|00000000|0|20140501|20170430|20190430|59|00|00|00
300000204|1000|M03|2300000000052|Bureau De Change (BDC)|00001400|00016584|00130035|LOT NO. S2-2-A35|00000000|0|20140501|20170430|20190430|59|00|00|00
300002408|1000|M03|2300000000058|Wellness Spa & Salon / Plaza Premium Lounge|00001400|00015403|00130157|LOT NO. S6-3-A03|00000000|0|20140501|20170430|20190430|59|00|00|00
300001500|1000|M05|2500000000129|The Zon.|00001400|00015386|00130069|LOT NO. S3-2-A06|00000000|0|20150101|20171231|20191231|59|00|00|00
300002144|1000|M02|2200000000097|DOME Cafe|00001400|00016409|00130102|LOT NO. S2-3-L41|00000000|0|20140501|20170430|20190430|59|00|00|00
300002808|1000|M02|2200000000085|KFC|00001400|00016546|00130079|LOT NO. S2-3-L08|00000000|0|20140501|20170430|20190430|59|00|00|00
300004061|1000|M02|2200000000087|PappaRich Express|00001400|00016551|00130053|LOT NO. S2-3-L05|00000000|0|20140501|20170430|20190430|59|00|00|00
300004061|1000|M02|2200000000087|PappaRich Express|00001400|00016552|00130073|LOT NO. S2-3-L05A|00000000|0|20140501|20170430|20190430|59|00|00|00
300002536|1000|M05|2500000000082|Milano Eyes Fashion|00001400|00016571|00130127|LOT NO. S6-2-A13|00000000|0|20140501|20170430|20190430|59|00|00|00
300001501|1000|M01|2100000000060|The Body Shop|00001400|00016487|00130083|LOT NO. S2-3-L13|00000000|0|20140501|20170430|20190430|59|00|00|00
300001500|1000|M05|2500000000125|The Zon|00001400|00018877|00130313|Lot No. S6-2-A05|00000000|0|20140501|20170430|20190430|59|00|00|00
300001500|1000|M05|2500000000125|The Zon|00001400|00018878|00130314|Lot No. S6-2-A33|00000000|0|20140501|20170430|20190430|59|00|00|00
300002344|1000|M02|2200000000123|DUNKIN' DONUTS|00001000|00010417|00130149|MTBAP NA1|00000000|0|20150701|20180630|20180630|35|03|01|01
300002350|1000|M02|2200000000124|JONKER WALK KOPITIAM|00001000|00010726|00130001|Lot CPD 19e|00000000|0|20150701|20180630|20180630|35|03|01|01
MAN|1000|M06|2600000000002|Eraman Duty Free & Sky Bar|00001400|00016438|00130155|LOT NO. S6-3-A01|00000000|0|20140501|20170430|20190430|59|00|00|00
MAN|1000|M06|2600000000002|Eraman Duty Free & Sky Bar|00001400|00016439|00130164|LOT NO. S6-3-A18|00000000|0|20140501|20170430|20190430|59|00|00|00
MAN|1000|M06|2600000000002|Eraman Duty Free & Sky Bar|00001400|00016440|00130165|LOT NO. S6-3-A19|00000000|0|20140501|20170430|20190430|59|00|00|00
MAN|1000|M06|2600000000002|Eraman Duty Free & Sky Bar|00001400|00016441|00130167|LOT NO. S4-3-A05|00000000|0|20140501|20170430|20190430|59|00|00|00
300000204|1000|M03|2300000000075|Malayan Banking|00001000|00010479|00130284|MTBD 13b (MBB)|00000000|0|20150701|20180630|20180630|35|03|01|01
300002816|1000|O01|5100000000163|Chocolate Promo - Satellite Building, KLIA|00001000|00010856|00130448|Lot no 5|00000000|20160930|20150213|20150313|20171031|32|00|00|00
60500|1000|M05|2500000000138|Karyaneka (SAT)|00001000|00010674|00130481|SATP C05|00000000|0|20150701|20180630|20180630|35|03|01|01
300000026|1000|M02|2200000000142|CIMB BANK (e-Banking & F&B - OldTown)|00001000|00010477|00130282|Lot MTBD S4 - E-Banking n F&B|00000000|20180630|20150701|20180630|20180630|35|03|01|01
300004909|1000|M03|2300000000065|Santai Reflexology|00001400|00018879|00130320|Lot No. S2-3-L22|00000000|0|20141001|20170930|20190930|59|00|00|00
300004058|1000|M02|2200000000091|Bumbu Desa|00001400|00016547|00130077|LOT NO. S2-3-L07|00000000|0|20140501|20170430|20190430|59|00|00|00
300002229|1000|M01|2100000000074|Carlo Rino|00001400|00015388|00130084|LOT NO. S2-3-L14|00000000|0|20140501|20170430|20190430|59|00|00|00
300003196|1000|M02|2200000000095|THE GREEN MARKET|00001400|00016397|00130099|LOT NO. S2-3-L38|00000000|0|20140501|20170430|20190430|59|00|00|00
300001975|1000|M02|2200000000096|Starbucks Coffee|00001400|00016513|00130047|LOT NO. S2-3-L01|00000000|0|20140501|20170430|20190430|59|00|00|00
MAN|1000|M01|2100000000083|Swarovski|00001000|00010879|00130416|SATP F05|00000000|0|20150701|20180630|20180630|35|00|00|00
MAN|1000|M02|2200000000079|Bibik Heritage|00001400|00016528|00130101|LOT NO S2-3-L40|00000000|0|20140501|20170430|20190430|59|00|00|00
300001092|1000|M02|2200000000080|McDonald's|00001400|00016410|00130160|LOT NO. S6-3-A09|00000000|0|20140501|20170430|20190430|59|00|00|00
300001520|1000|M02|2200000000086|Urban Food Court|00001400|00016394|00130166|LOT NO. S6-3-A21|00000000|0|20140501|20170430|20190430|59|00|00|00
MAN|1000|M05|2500000000141|Time To Time|00001000|00010881|00130418|SATP G01(a)|00000000|0|20150701|20180630|20180630|35|00|00|00
300001949|1000|M05|2500000000142|Made In Malaysia|00001000|00010883|00130420|SATP G01|00000000|0|20150701|20180630|20180630|35|03|01|01
MAN|1000|M05|2500000000146|DF Mall@CPI (Emporium)|00001000|00011027|00130020|CPI NA1|00000000|0|20150701|20180630|20180630|35|00|00|00
300004059|1000|M02|2200000000102|The Loaf|00001400|00016532|00130048|LOT NO. S2-3-L02|00000000|0|20140501|20170430|20190430|59|00|00|00
300001660|1000|M03|2300000000068|TALASCO DAGANG - BAGGAGE SOLUTION|00001000|00010864|00130401|Left Luggage  -SATP B03(a)|00000000|0|20150701|20180630|20180630|35|03|01|01
300002343|1000|M02|2200000000083|Old Town White Coffee|00001400|00016387|00130023|LOT NO. S2-2-IC05|00000000|0|20140501|20170430|20190430|59|00|00|00
300004064|1000|M02|2200000000098|puffy buffy|00001400|00015376|00130072|LOT NO. S3-2-A10|00000000|0|20140501|20170430|20190430|59|00|00|00
300004064|1000|M02|2200000000098|puffy buffy|00001400|00016398|00130100|LOT NO. S2-3-L39|00000000|0|20140501|20170430|20190430|59|00|00|00
300004066|1000|M03|2300000000049|Muamalat As-Sarf (MAS)|00001400|00015379|00130138|LOT NO. S6-2-A24|00000000|0|20140501|20170430|20190430|59|00|00|00
300004047|1000|M05|2500000000120|Lao Jie Fang|00001400|00016538|00130030|LOT NO. S7-1a-A02|00000000|0|20140501|20170430|20190430|59|00|00|00
300001715|1000|M02|2200000000112|Grandmama's|00001000|00010757|00130514|Lot SATMZ 5, Mezzanine Level, Satellite|00000000|0|20150701|20180630|20180630|35|03|01|01
300000026|1000|M03|2300000000073|CIMB BANK|00001000|00010667|00130488|LOT SATP D03|00000000|0|20150701|20180630|20180630|35|03|01|01
300003196|1000|M02|2200000000127|Flight Club|00001000|00010690|00130503|Lot SATMZ 15|00000000|20180430|20150501|20180430|20180430|35|03|01|01
300000204|1000|M03|2300000000076|Malayan Banking - Money Exchange MTBA 4|00001000|00010428|00130160|MTBA 4|00000000|0|20150701|20180630|20180630|35|03|01|01
300001631|1000|M02|2200000000136|NOOODLES|00001000|00010762|00130519|Lot SATMZ 7, Mezzanine Level Satellite|00000000|0|20150701|20180630|20180630|35|03|01|01
MAN|1000|M05|2500000000140|Perfumes & Cosmetics (MA(N) - Arrival)|00001000|00010952|00130106|MTBAI 8|00000000|0|20150701|20180630|20180630|35|00|00|00
300003156|1000|O01|5100000000183|Kashkha Thematic Promotion|00001000|00010544|00130312|Lot no 5|20151001|0|20150601|20150630|20171231|30|00|00|00
300001359|1000|M01|2100000000082|BRAUN BUFFEL|00001000|00010711|00130470|SATP AH 01|00000000|0|20150701|20180630|20180630|35|03|01|01
300002064|1000|M03|2300000000077|3R Corporation|00001000|00010664|00130487|SATP B01 (3R)|00000000|0|20150701|20180630|20180630|35|03|01|01
60500|1000|M05|2500000000137|Karyaneka (CP)|00001000|00011029|00130022|CPI 21b|00000000|0|20150701|20180630|20180630|35|03|01|01
300000321|1000|M02|2200000000139|MALAYSIAN WOK|00001000|00019732|00130766|MTBAL 07d|00000000|0|20150701|20180630|20180630|35|03|01|01
MAN|1000|M05|2500000000098|Timepieces|00001400|00016554|00130136|LOT NO. S6-2-A22|00000000|0|20140501|20170430|20190430|59|00|00|00
MAN|1000|M02|2200000000100|Marrybrown|00001400|00016412|00130052|LOT NO. S2-3-L04|00000000|0|20140501|20170430|20190430|59|00|00|00
300002820|1000|M02|2200000000157|The Coffee Bean & Tea Leaf|00001000|00010413|00130145|Lot MTBAL 07e|00000000|20181130|20151201|20181130|20181130|35|03|01|01
300002810|1000|M01|2100000000103|Bvlgari|00001000|00010701|00130460|SATP A04 (a)|00000000|0|20150701|20180630|20180630|35|03|01|01
300002827|1000|M05|2500000000166|Convenience Store (Syarikat Syidah - CP)|00001000|00010727|00130002|CPD 19a|00000000|0|20150701|20180630|20180630|35|03|01|01
300000078|1000|M05|2500000000179|Perfumes & Cosmetics (C&F - SAT)|00001000|00010696|00130455|SATP A04|00000000|0|20150901|20180831|20180831|35|03|01|01
300001302|1000|M01|2100000000089|Famous Amos (CP)|00001000|00010729|00130004|CPD NA 3|00000000|0|20150701|20180630|20180630|35|03|01|01
300002796|1000|M05|2500000000151|Cigar Boutique|00001000|00010717|00130475|SATP B05|00000000|0|20150701|20180630|20180630|35|03|01|01
MAN|1000|M02|2200000000147|FOOD GARDEN|00001000|00010949|00130103|Food Garden, Level 2, MTB|00000000|0|20150701|20180630|20180630|35|00|00|00
300002514|1000|M05|2500000000173|Khazanah (SAT)|00001000|00010854|00130446|SATP DE 06|00000000|0|20150701|20180630|20180630|35|03|01|01
300002344|1000|O01|5100000000210|Dunkin Donuts Promotion @ Level 5, KLIA|00001000|00010550|00130318|Lot no 15|00000000|0|20150828|20150930|20171231|28|00|00|00
300002796|1000|M01|2100000000107|Ralph Lauren|00001000|00010876|00130413|SATP H07|00000000|0|20150701|20180630|20180630|35|03|01|01
300003156|1000|M01|2100000000109|Kashkha|00001000|00010671|00130484|SATP C07|00000000|0|20150701|20180630|20180630|35|03|01|01
300003156|1000|M01|2100000000109|Kashkha|00001000|00010666|00130485|SATP C06|00000000|0|20150701|20180630|20180630|35|03|01|01
300001665|1000|M05|2500000000192|MICHAEL KORS & ROLEX|00001000|00010673|00130482|SATP B04|00000000|0|20160401|20190331|20190331|35|00|00|00
300004047|1000|M05|2500000000178|Lao Jie Fang (SAT 5)|00001000|00017834|00130725|Lot No SAT 5|00000000|0|20150901|20180630|20180630|33|03|01|01
300002796|1000|M01|2100000000088|Salvatore Ferragamo|00001000|00010695|00130454|SATP H06|00000000|0|20150701|20180630|20180630|35|03|01|01
300001960|1000|M05|2500000000149|Time (SAT)|00001000|00010718|00130476|SATP C04|00000000|0|20150701|20180630|20180630|35|03|01|01
300002329|1000|M05|2500000000157|7-Eleven|00001000|00010646|00130266|LOT MTBD R1, DEPARTURE LEVEL MTBD|00000000|0|20150701|20180630|20180630|35|03|01|01
300004356|1000|M03|2300000000059|Celcom Xclusive Partner|00001400|00016379|00130021|LOT NO. S2-2-IC03a|00000000|0|20140501|20170430|20190430|59|00|00|00
300004047|1000|M01|2100000000054|Sweets & Treats Packed Food and Titbit House|00001400|00016501|00130025|LOT NO. S5-1a-A02|00000000|0|20140501|20170430|20190430|59|00|00|00
300002344|1000|M02|2200000000069|Cafe Dunkin Donuts|00001400|00016416|00130034|LOT NO. S7-1a-A08|00000000|0|20140501|20170430|20190430|59|00|00|00
300002827|1000|M05|2500000000131|Needs|00001400|00016539|00130032|LOT NO. S7-1a-A04|00000000|20171231|20150101|20171231|20171231|35|00|00|00
300001302|1000|M05|2500000000083|Famous Amos|00001400|00016527|00130024|LOT NO. S5-1a-A01|00000000|0|20140501|20170430|20190430|59|00|00|00
300004064|1000|M02|2200000000098|puffy buffy|00001400|00016391|00130063|LOT NO. S3-1a-A15|00000000|0|20140501|20170430|20190430|59|00|00|00
300002584|1000|M05|2500000000187|Al Jasmine - News.com|00001000|00014598|00130671|Lot No 1&2, Lvl 2, Block C, STCP|00000000|0|20160201|20181231|20181231|34|03|01|01
300004070|1000|M02|2200000000068|Uncle Lim's Cafe|00001400|00016514|00130000|LOT NO. S1-1a-A01|00000000|0|20140501|20170430|20190430|59|00|00|00
300004079|1000|M05|2500000000086|myNews.com|00001400|00015385|00130006|LOT NO. S1-1a-A07a|00000000|0|20140501|20170430|20190430|59|00|00|00
300002344|1000|M02|2200000000071|Dunkin Donuts|00001400|00016509|00130014|LOT NO. S1-1a-A15|00000000|0|20140501|20170430|20190430|59|00|00|00
300001660|1000|M03|2300000000061|Baggage Solution|00001400|00015400|00130019|LOT NO. S2-2-L11|00000000|0|20140501|20170430|20190430|59|00|00|00
300003889|1000|M05|2500000000118|Airside Shoppe@klia2|00001400|00016525|00130013|LOT NO. S1-1a-A13|00000000|0|20140501|20170430|20190430|59|00|00|00
300002626|1000|M01|2100000000064|Giordano|00001400|00016461|00130003|LOT NO. S1-1a-A04|00000000|0|20140501|20170430|20190430|59|00|00|00
300001975|1000|M02|2200000000073|Starbucks Coffee|00001400|00016536|00130001|LOT NO. S1-1a-A02|00000000|0|20140501|20170430|20190430|59|00|00|00
300002681|1000|M01|2100000000069|elianto|00001400|00016444|00130007|LOT NO. S1-1a-A07b|00000000|0|20140501|20170430|20190430|59|00|00|00
300004064|1000|M02|2200000000098|puffy buffy|00001400|00016420|00130017|LOT NO. S1-1a-A23|00000000|20170430|20140501|20170430|20190430|59|00|00|00
300005249|1000|M01|2100000000081|Sofia Iman|00001400|00019042|00130361|Lot No. S1-1a-A14|00000000|20171231|20150101|20171231|20171231|35|00|00|00
MAN|1000|O01|5100000000174|MAN Chocolate @ PR-S7-01|00001400|00019266|00130367|Lot PR-S7-01 , Sector 7, klia2|00000000|0|20150301|20150331|20171231|33|00|00|00
300002569|1000|O01|5100000000175|Baker's Cottage Promotion, Sector 5|00001400|00019272|00130368|PR S5-1A-A11, Sector 5, klia2|00000000|0|20150301|20150331|20171231|33|00|00|00
MAN|1000|O01|5100000000171|MAN Kit Kat Promotion|00001000|00019267|00130757|Promotion Lot no 10|00000000|0|20150316|20150415|20171231|33|00|00|00
300001302|1000|O01|5100000000154|FAMOUS AMOS PROMOTION|00001400|00018787|00130345|PR-S1-1A-A20|00000000|0|20141215|20150114|20171231|36|00|00|00
300002808|1000|M02|2200000000085|KFC|00001400|00016545|00130080|LOT NO. S2-3-L08A|00000000|0|20140501|20170430|20190430|59|00|00|00
300004061|1000|M02|2200000000087|PappaRich Express|00001400|00016553|00130074|LOT NO. S2-3-L05B|00000000|0|20140501|20170430|20190430|59|00|00|00
MAN|1000|O01|5100000000159|MAN Chocolate Promotion @ PR-S5-1A-A13|00001400|00018890|00130349|Promo PR-S5-1A-A13|00000000|0|20141001|20141031|20171231|38|00|00|00
300000026|3000|M03|2300000000092|CIMB BANK|00003051|00023905|00130333|LOT NO. L1L01(C1), LEVEL 1 (LANDSIDE)|20170401|0|20150801|20180731|20180731|35|03|00|00
300001919|1000|O01|5100000000124|Promo Hot & Roll, Sector 5, klia2|00001400|00017664|00130307|Promo Lot PR-P2, Sector 5, klia2|00000000|0|20140508|20140607|20171231|43|00|00|00
300001501|1000|M01|2100000000056|The Body Shop|00001400|00016490|00130119|LOT NOT. S6-2-A04|00000000|0|20140501|20170430|20190430|59|00|00|00
300002360|1000|M02|2200000000126|THE COFFEE BEAN & TEA LEAF|00001000|00010839|00130431|Lot SATP 28, Passanger Level, Satellite|00000000|0|20150701|20180630|20180630|35|03|01|01
MAN|1000|M05|2500000000139|Duty Free Emporium 1 (Liqour, Tobacco & Chocolates)|00001000|00010843|00130435|SATP D01|00000000|0|20150701|20180630|20180630|35|00|00|00
300001294|1000|M05|2500000000145|Gold City (SAT)|00001000|00010847|00130439|SATP DE01|00000000|0|20150701|20180630|20180630|35|03|01|01
300002796|1000|M05|2500000000150|Perfumes & Cosmetics (Dimensi Eksklusif)|00001000|00010841|00130433|SATP J11|00000000|0|20150701|20180630|20180630|35|03|01|01
300002796|1000|M05|2500000000152|Perfumes & Cosmetics (Dimensi Eksklusif - SAT)|00001000|00010840|00130432|SATP E04|00000000|0|20150701|20180630|20180630|35|03|01|01
300001520|1000|M02|2200000000130|KOPITIME|00001000|00019729|00130763|MTBDL 13k|00000000|0|20150701|20180630|20180630|35|03|01|01
300004058|1000|M02|2200000000091|Bumbu Desa|00001400|00016548|00130078|LOT NO. S2-3-L07A|00000000|0|20140501|20170430|20190430|59|00|00|00
300003196|1000|M02|2200000000094|The Bar|00001400|00016395|00130162|LOT NO. S6-3-A10|00000000|0|20140501|20170430|20190430|59|00|00|00
300001092|1000|M02|2200000000080|McDonald's|00001400|00016411|00130161|LOT NO. S6-3-A07|00000000|0|20140501|20170430|20190430|59|00|00|00
300002816|1000|M06|2600000000005|Chocolate Safari and Safari Lounge|00001400|00016559|00130169|LOT NO. S2-3a-L04|00000000|0|20160501|20190430|20190430|35|00|00|00
300004047|1000|M05|2500000000177|Lao Jie Fang (SAT 4)|00001000|00017851|00130724|Lot No SAT 4|00000000|0|20150901|20180630|20180630|33|03|01|01
MAN|1000|M05|2500000000097|Eraman Duty Free|00001400|00016385|00130110|LOT NO. S2-3-A48|00000000|0|20140501|20170430|20190430|59|00|00|00
MAN|1000|M05|2500000000108|Eraman Duty Free|00001400|00016386|00130111|LOT NO. S2-3-A49|00000000|0|20140501|20170430|20190430|59|00|00|00
300001283|1000|M01|2100000000076|Royal Selangor|00001400|00016486|00130088|LOT NO. S2-3-L18|00000000|0|20140501|20170430|20190430|59|00|00|00
300001631|1000|M02|2200000000133|Sports Bar By Bones|00001000|00016413|00130701|LOT SATMZ 22 (a)-(b)|00000000|0|20150701|20180630|20180630|35|03|01|01
300002816|1000|M06|2600000000005|Chocolate Safari and Safari Lounge|00001400|00016500|00130087|LOT NO. S2-3-L17|00000000|0|20160501|20190430|20190430|35|00|00|00
300002006|1000|M03|2300000000050|mach by Hong Leong Bank|00001400|00016541|00130093|LOT NO. S2-3-L34|00000000|0|20140501|20170430|20190430|59|00|00|00
300002343|1000|M02|2200000000117|OLD TOWN WHITE COFFEE|00001000|00011110|00130638|Lot CPI 22|00000000|0|20150701|20180630|20180630|35|03|01|01
300000026|1000|M03|2300000000074|CIMB BANK|00001000|00010955|00130109|MTBA 3|00000000|0|20150701|20180630|20180630|35|03|01|01
MAN|1000|M05|2500000000134|Duty Free Emporium 2|00001000|00019121|00130753|Lot SATP G02|00000000|20180531|20150601|20180531|20180531|35|00|00|00
300001271|1000|M05|2500000000136|D'Bazaar|00001000|00011013|00130548|LINKBRIDGE LEVEL 2 BLOCK C|00000000|0|20150701|20180630|20180630|35|03|01|01
300003156|1000|O01|5100000000183|Kashkha Thematic Promotion|00001000|00019879|00130778|Focal Area, MTB KLIA|00000000|20150930|20150601|20150630|20171231|30|00|00|00
300002827|1000|M05|2500000000180|XPRESS MART|00001000|00019711|00130755|Lot CP 3|00000000|0|20150901|20160831|20180831|35|03|01|01
300002679|1000|M01|2100000000094|Lonely Planet & Billabong|00001000|00010832|00130425|SATP NA1 (B)|00000000|0|20150701|20180630|20180630|35|03|01|01
300005373|1000|M03|2300000000085|Print Expert|00001400|00020293|00130392|Lot No. S2-3-L09|00000000|0|20150801|20180731|20180731|35|00|00|00
300005373|1000|M03|2300000000085|Print Expert|00001400|00020294|00130393|Lot No. S2-3-L10|00000000|0|20150801|20180731|20180731|35|00|00|00
300002827|1000|M05|2500000000167|Convenience Store (Syarikat Syidah - GL)|00001000|00010573|00130249|MTBGL 02|00000000|0|20150701|20180630|20180630|35|03|01|01
300002827|1000|M05|2500000000168|Books & Magazines (MTB)|00001000|00010574|00130250|MTBD 13d|00000000|0|20150701|20180630|20180630|35|03|01|01
300002827|1000|M05|2500000000169|Children Boutique (Syarikat Syidah)|00001000|00010575|00130251|MTBD 17b|00000000|0|20150701|20180630|20180630|35|03|01|01
300002371|1000|M03|2300000000086|Excel Strength Ventures Sdn Bhd|00001000|00013204|00130648|Lot MTBDK 01, Departure Kerbside, MTB, KLIA|00000000|0|20160101|20181231|20181231|35|03|01|01
300005359|1000|M05|2500000000171|Pusrawi Pharmacy (MTB)|00001000|00010641|00130261|MTBD 15b|00000000|0|20150701|20180630|20180630|35|03|01|01
300003156|1000|M01|2100000000109|Kashkha|00001000|00010640|00130260|MTBD 14K|00000000|0|20150701|20180630|20180630|35|03|01|01
300001631|1000|O01|5100000000239|S6 - Nooodles|00001400|00022067|00130426|PROMOTION NO 2, LOT S6-L2-A41|00000000|0|20160301|20160331|20171231|21|00|00|00
300002796|1000|M01|2100000000114|Jo Malone London|00001000|00020825|00130819|SAT 1|00000000|0|20160901|20180831|20180831|23|00|00|00
300002816|1000|M05|2500000000159|Chocolate & Confectionery (Multi Tradings & Supplies - Arriv|00001000|00010950|00130104|MTBAI 10a|00000000|0|20150701|20180630|20180630|35|03|01|01
300002816|1000|M05|2500000000161|Chocolate & Confectionery (Multi Tradings & Supplies - SAT)|00001000|00010878|00130415|SATP G03|00000000|0|20150701|20180630|20180630|35|03|01|01
300001283|1000|M01|2100000000095|Royal Selangor (MTB)|00001000|00010643|00130263|MTBD 12e|00000000|0|20150701|20180630|20180630|35|03|01|01
300004677|1000|M05|2500000000174|Hamleys Children Boutique|00001000|00010852|00130444|SATP E01|00000000|0|20150801|20180731|20180731|35|03|01|01
300001283|1000|M01|2100000000099|Royal Selangor (SAT)|00001000|00010849|00130441|SATP D02|00000000|0|20150701|20180630|20180630|35|03|01|01
300001302|1000|M01|2100000000087|Famous Amos (MTB)|00001000|00010644|00130264|MTBD 12K|00000000|0|20150701|20180630|20180630|35|03|01|01
300001605|1000|M05|2500000000175|Experience Malaysia|00001000|00010578|00130254|MTBD 30b|00000000|0|20150701|20180630|20180630|35|03|01|01
300001605|1000|M05|2500000000176|Malaysian Heritage & Gift.|00001000|00010845|00130437|SATP E02|00000000|0|20150701|20180630|20180630|35|03|01|01
300005357|1000|M03|2300000000082|Super Strap Operations Sdn Bhd|00001000|00010651|00130271|Lot MTBD S6&S7, Dept. Level|00000000|20180630|20150701|20180630|20180630|35|03|01|01
300001501|1000|M01|2100000000105|The Body Shop   (MTB)|00001000|00010642|00130262|MTBD 14A|00000000|0|20150701|20180630|20180630|35|03|01|01
300001501|1000|M01|2100000000106|The Body Shop  (SAT)|00001000|00010848|00130440|SATP E03|00000000|0|20150701|20180630|20180630|35|03|01|01
300004064|1000|M02|2200000000152|Noodlelicious|00001400|00015378|00130026|LOT NO. S5-1a-A03|00000000|20180430|20150501|20180430|20180430|35|00|00|00
300001500|1000|M05|2500000000184|The Zon|00001400|00015370|00130122|LOT NO. S6-2-A08|00000000|0|20151201|20181130|20181130|35|00|00|00
300001500|1000|M05|2500000000153|The Zon Duty Free (Liqour & Tobacco)|00001000|00010953|00130107|MTB AI 09|00000000|0|20150701|20180630|20180630|35|03|01|01
300002693|1000|M05|2500000000185|WHSmith Express|00001000|00010831|00130424|LOT SATP F01& FO2(a)|00000000|20181231|20160101|20181231|20181231|35|03|01|01
300000078|1000|M01|2100000000113|Giorgio Armani Cosmetics|00001000|00017339|00130709|SAT 2|00000000|0|20160101|20181231|20181231|35|03|01|01
300001665|1000|M01|2100000000097|Godiva|00001000|00010702|00130461|SATP C31-C37 (b)|00000000|0|20150701|20180630|20180630|35|03|01|01
300001604|1000|M02|2200000000148|Harrods - Cafe|00001000|00011020|00130568|CONCESSION CP 21a (F&B)|00000000|0|20150701|20180630|20180630|35|03|01|01
300001975|1000|O01|5100000000248|S6 - Starbucks|00001400|00022287|00130431|No 1, S6-L2-A41, Sector 6, klia2|00000000|0|20160601|20160630|20171231|18|00|00|00
300002329|1000|M05|2500000000156|7-Eleven|00001000|00010262|00130180|LOT MTBAP R6 ARRIVAL LEVEL MTBD|00000000|0|20150701|20180630|20180630|35|03|01|01
300000078|1000|M01|2100000000090|L'Occitane|00001000|00010877|00130414|SATP F04|00000000|0|20150701|20180630|20180630|35|03|01|01
300002816|1000|M05|2500000000160|Chocolate & Confectionery (Multi Tradings & Supplies - Depar|00001000|00010572|00130248|MTBD 12C|00000000|0|20150701|20180630|20180630|35|03|01|01
300002679|1000|M01|2100000000093|Longchamp|00001000|00010712|00130471|SATP A02|00000000|0|20150701|20180630|20180630|35|03|01|01
300002153|1000|M05|2500000000165|Habib|00001000|00010850|00130442|SATP DE02|00000000|0|20150701|20180630|20180630|35|03|01|01
300001665|1000|M05|2500000000170|Coach, Mont Blanc, Hermes|00001000|00010703|00130462|SATP C31-C37 (a)|00000000|0|20150701|20180630|20180630|35|03|01|01
300001665|1000|M05|2500000000170|Coach, Mont Blanc, Hermes|00001000|00010704|00130463|SATP C31-C37 (c')|00000000|0|20150701|20180630|20180630|35|03|01|01
300001665|1000|M05|2500000000170|Coach, Mont Blanc, Hermes|00001000|00010705|00130464|SATP C31-C37 (d)|00000000|0|20150701|20180630|20180630|35|03|01|01
300001500|1000|M05|2500000000183|The Zon|00001400|00016462|00130146|LOT NO. S6-2-A32|00000000|20181130|20151201|20181130|20181130|35|00|00|00
300004069|1000|M02|2200000000154|THE LIVING ROOM - BAR & KITCHEN|00001400|00016414|00130151|LOT NO. S6-2-A38|00000000|0|20150801|20180731|20180731|35|00|00|00
300003156|1000|M01|2100000000112|Kashkha|00001000|00010263|00130181|LOT NO. MTBAP R1|00000000|0|20151201|20181130|20181130|35|03|01|01
300004046|1000|M02|2200000000160|Little Cafe|00001400|00016511|00130065|LOT NO. S3-1a-A17|00000000|0|20160801|20170430|20190430|32|00|00|00
MAN|1000|M05|2500000000193|Duty Free Kiosks|00001000|00010837|00130430|K2 SATP|00000000|0|20150701|20180630|20180630|35|00|00|00
MAN|1000|M05|2500000000193|Duty Free Kiosks|00001000|00010844|00130436|K1 SATP|00000000|0|20150701|20180630|20180630|35|00|00|00
MAN|1000|M05|2500000000193|Duty Free Kiosks|00001000|00010713|00130472|K3 SATP|00000000|0|20150701|20180630|20180630|35|00|00|00
MAN|1000|M05|2500000000154|Perfumes & Cosmetics (MA(N) - Departure)|00001000|00010577|00130253|MTBD NA 3|00000000|0|20150701|20180630|20180630|35|00|00|00
300001605|1000|M02|2200000000150|OLD MALAYA KOPITIAM|00001000|00010691|00130504|Lot SATMZ 10 (a) - (b), Mezzanine Level Satellite|00000000|0|20150701|20180630|20180630|35|03|01|01
300002693|1000|M05|2500000000163|WH Smith|00001000|00010665|00130486|SATP B03|00000000|0|20150701|20180630|20180630|35|03|01|01
300000078|1000|M05|2500000000158|Perfumes & Cosmetics (C&F)|00001000|00010697|00130456|SATP J31|00000000|0|20150701|20180630|20180630|35|03|01|01
300002514|1000|M05|2500000000172|Khazanah (MTB)|00001000|00010645|00130265|MTBDL 12B|00000000|0|20150701|20180630|20180630|35|03|01|01
MAN|1000|M01|2100000000110|Bally|00001000|00010858|00130450|SATP H04|00000000|20180831|20150901|20180831|20180831|35|00|00|00
300000026|1000|M03|2300000000083|CIMB BANK|00001000|00010476|00130281|SERVICES MTBD 14b|00000000|0|20151101|20181031|20181031|35|03|01|01
MAN|1000|M05|2500000000189|ERAMAN DUTY FREE|00001400|00016383|00130145|LOT NO. S6-2-A31|00000000|20170430|20151101|20181031|20181031|35|00|00|00
300001515|1000|M03|2300000000084|RHB BANK|00001000|00010480|00130285|CONCESSION MTBD 13a (RHB)|00000000|0|20151201|20171130|20171130|23|03|01|01
300000808|1000|M05|2500000000162|Candy Land|00001000|00010951|00130105|MTB AI 10b|00000000|0|20150701|20180630|20180630|35|03|01|01
300001693|1000|M01|2100000000091|Bonia Boutique|00001000|00010635|00130255|MTBD 12d|00000000|0|20150701|20180630|20180630|35|03|01|01
300002227|1000|M01|2100000000092|Sembonia (MTB)|00001000|00010637|00130257|MTBD 15a|00000000|0|20150701|20180630|20180630|35|03|01|01
300001604|1000|M01|2100000000098|Harrods|00001000|00011028|00130021|CPI 21|00000000|0|20150701|20180630|20180630|35|03|01|01
300001631|1000|M02|2200000000149|NOOODLES|00001000|00010549|00130317|Lot no 14|00000000|0|20150701|20180630|20180630|35|03|01|01
300005281|1000|M05|2500000000164|Guardian Pharmacy|00001000|00010672|00130483|SATP C03|00000000|0|20150701|20180630|20180630|35|03|01|01
300002519|1000|M01|2100000000100|Charles & Keith|00001000|00010882|00130419|SATP G05 C|00000000|0|20150701|20180630|20180630|35|03|01|01
300001870|1000|M01|2100000000101|Victoria Secret|00001000|00010708|00130467|SATP H05|00000000|0|20150701|20180630|20180630|35|03|01|01
300002803|1000|M01|2100000000102|Tumi|00001000|00010677|00130478|SATP C03(a)|00000000|0|20150701|20180630|20180630|35|03|01|01
300002153|1000|M01|2100000000096|PANDORA|00001000|00010851|00130443|SATP DE04|00000000|0|20150701|20180630|20180630|35|03|01|01
300002820|1000|M02|2200000000156|Secret Recipe|00001000|00010761|00130518|Lot SATMZ 8, Satellite|00000000|20181130|20151201|20181130|20181130|35|03|01|01
300001605|1000|M02|2200000000151|Malaysia Recipe Cafe|00001000|00010692|00130451|Lot SATP AH05, Passanger Level Satellite|00000000|0|20150701|20180630|20180630|35|03|01|01
300002754|1000|C01|4100000000039|Block C - Self Managed Car Park. (Cont fr 4100000000031 May 2017)|00001000|00010766|00130523|Self Managed Car Park|00000000|0|20170101|00021130|0|95|00|00|00
300002810|1000|M01|2100000000117|Hugo Boss|00001000|00010706|00130465|SATP H02|00000000|20180630|20170501|20180630|20180630|13|00|00|00
300005580|1000|M02|2200000000164|Bento Cafeteria|00001000|00011025|00130030|CF 02 CP|00000000|20191130|20161201|20191130|20191130|35|00|00|00
300002754|1000|C01|4100000000034|Self Managed Car Park - Long Term Car Park|00001000|00024048|00130925|Self Managed Car Park - Long Term Car Park|00000000|0|20170401|00021130|0|92|00|00|00
300001665|1000|M01|2100000000115|Tory Burch|00001000|00010707|00130466|SATP H03|00000000|20200430|20170501|20200430|20200430|35|00|00|00
MAN|1000|M02|2200000000168|Gloria Jean's Coffee.|00001000|00010647|00130267|Lot MTBD S8, Departure Level|00000000|20190131|20170201|20190131|20190131|23|00|00|00
300002754|1000|C01|4100000000037|Block A - Self Managed Car Park. (Cont fr 4100000000029 May 2017)|00001000|00010764|00130521|Self Managed Car Park|00000000|0|20170101|00021130|0|95|00|00|00
300002408|1000|M03|2300000000089|Plaza Premium Lounge|00001000|00010683|00130496|CIP 1a|00000000|20181130|20161201|20181130|20181130|23|00|00|00
300002408|1000|M03|2300000000089|Plaza Premium Lounge|00001000|00010684|00130497|CIP 1b|00000000|0|20161201|20181130|20181130|23|00|00|00
300002408|1000|M03|2300000000088|Wellness Spa & Salon|00001000|00010833|00130426|LOT SATMZ 21|00000000|20181130|20161201|20181130|20181130|23|00|00|00
300002754|1000|C01|4100000000038|Block B - Self Managed Car Park. (Cont fr 4100000000030 May 2017)|00001000|00010765|00130522|Self Managed Car Park|00000000|0|20170101|00021130|0|95|00|00|00
300005713|1000|O01|5100000000278|Spa Ceylon Promotion|00001000|00010856|00130448|Lot no 5|00000000|0|20161012|20161031|20171031|12|00|00|00
300001919|1000|M02|2200000000165|O'Briens|00001400|00015377|00130132|LOT NO. S6-2-A18|00000000|20190131|20170201|20190131|20190131|23|00|00|00
300005734|1000|M06|2600000000006|Agrobazaar MALAYSIA|00001400|00016382|00130081|LOT NO. S2-3-L11|00000000|20180731|20160801|20180731|20180731|23|00|00|00
300002754|1000|C01|4100000000040|Block D - Self Managed Car Park. (Cont fr 4100000000032 May 2017)|00001000|00010767|00130524|Self Managed Car Park|00000000|0|20170101|00021130|0|95|00|00|00
300001919|1000|M02|2200000000161|Hot & Roll|00001400|00019051|00130352|Lot No. S1-1a-A17|00000000|20180831|20150901|20180831|20180831|35|00|00|00
300002584|1000|M05|2500000000195|JAS-MART|00001000|00011014|00130549|LOT 2&3 BLOCK B STCP|00000000|0|20170201|20180630|20180630|16|00|00|00
300002816|1000|O01|5100000000163|Chocolate Promo - Satellite Building, KLIA|00001000|00023122|00130896|Lot no 6, Satellite Building, Building, KLIA|20161001|0|20150213|20150313|20171031|32|00|00|00
300001503|1000|O01|5100000000234|ENERGIZER PROMOTION (iTRAVEL)|00001000|00022048|00130866|LOT MTBD 13C (Casual Leasing)|00000000|0|20160315|20160414|20171231|21|00|00|00
300002408|1000|M02|2200000000159|Flight Club grab 'n' go|00001000|00022303|00130852|Lot SATMZ 6(a)-(b)|00000000|20181231|20160101|20181231|20181231|35|03|01|01
300005777|1000|M02|2200000000166|M&N Vision|00001000|00024509|00130908|LOT NO. MTBDL AVM02a|00000000|0|20170101|20191231|20191231|35|00|00|00
300002584|1000|O01|5100000000255|JS MART PRODUCT DISPLAY|00001000|00022412|00130878|Lot 3, STCP Block B, KLIA|00000000|0|20160416|20160515|20171231|20|00|00|00
300004047|1000|O01|5100000000273|LAU JIE FANG PROMOTION - S6-2-A06|00001400|00023034|00130437|Casual Leasing - Lot No S6-2-A06|00000000|0|20160801|20160831|20171231|16|00|00|00
300002754|3000|C01|4100000000013|Kota Kinabalu Airport - Self Managed Car Park (Cont fr 4100000000006 Oct 2017)|00003051|00021726|00130303|Kota Kinabalu Airport - Self Managed Car Park|00000000|0|20171101|00021130|0|85|00|00|00
300005626|1000|O01|5100000000266|Krispy Kreme Promotion|00001000|00022581|00130888|LOT NO 1, CP DOMESTIC, KLIA (IVEC)|00000000|0|20160701|20160731|20171231|17|00|00|00
MAN|1000|M05|2500000000190|Eraman Duty Free|00001400|00016384|00130121|LOT NO. S6-2-A07|00000000|0|20151101|20181031|20181031|35|00|00|00
300002514|1000|O01|5100000000242|S6 - Retail One Promotion|00001400|00022043|00130424|PROMOTION  NO 4, LOT S6-L2-A40|00000000|20160331|20160301|20160331|20171231|21|00|00|00
300002329|3000|M05|2500000000244|7-Eleven|00003051|00018931|00130269|LOT L2A09, T1|00000000|0|20160701|20190630|20190630|35|00|00|00
MAN|1000|M05|2500000000181|Duty Free Liquor & Tobacco|00001400|00020132|00130389|Lot No. S3-2-A09|00000000|20180630|20150701|20180630|20180630|35|00|00|00
300001870|1000|O01|5100000000275|Barry Smith Promotion KLIA|00001000|00022951|00130893|LOT NO 2, CONTACT PIER DOMESTIC, KLIA|00000000|0|20160901|20160930|20171231|15|00|00|00
300002344|1000|O01|5100000000311|Dunkin Donuts Promotion|00001400|00024200|00130456|Lot no S2-3-L43, Dept Level, Public Concorse klia2|00000000|0|20170501|20170531|20171231|07|00|00|00
300002797|1000|O01|5100000000312|Dome Cafe Promo at Gate L16|00001400|00024288|00130457|Promo Gate L16, Sector 3, klia2|00000000|0|20170408|20170430|20171231|08|00|00|00
300005932|1000|O01|5100000000321|ISLAMIC AID PROMOTION|00001400|00022045|00130422|PROMOTION NO 8, LOT NO S6-L2-A40|00000000|0|20170715|20170831|20171231|05|00|00|00
MAN|1000|O01|5100000000285|FASHION CLEARANCE SALES|00001400|00023327|00130440|Promo Gate L, Sector 3, International Departure KLIA2|00000000|0|20161024|00021130|0|98|00|00|00
300000078|1000|O01|5100000000326|Lancome Temporary Promo|00001000|00024203|00130934|Lot no 2, Satellite Building, KLIA|00000000|20171031|20171001|20171031|20171031|00|00|00|00
MAN|1000|O01|5100000000315|M&M Mars Promotion|00001000|00024422|00130940|Lot 6, CP International, KLIA|00000000|0|20170601|20170731|20171231|06|00|00|00
300005777|1000|M02|2200000000166|M&N Vision|00001000|00024510|00130907|LOT NO. MTBDL AVM01a|00000000|0|20170101|20191231|20191231|35|00|00|00
MAN|1000|M02|2200000000169|Gloria Jean's Coffee.|00001000|00024720|00130909|MTBAP F1, ARRIVAL LEVEL, MAIN TERMINAL BUILDING|00000000|20190131|20170201|20190131|20190131|23|00|00|00
MAN|1000|O01|5100000000327|CHRISTIAN DIOR PROMO|00001000|00024698|00130960|LOT CP1, Contact Pier KLIA|00000000|20171130|20171016|20171130|20171130|01|00|00|00
300002408|1000|M03|2300000000089|Plaza Premium Lounge|00001000|00013668|00130666|SATMZ 20|00000000|0|20161201|20181130|20181130|23|00|00|00
MAN|1000|O01|5100000000324|Giorgio Armani Promo|00001000|00024671|00130958|Lot no 3, CP|00000000|20171031|20170801|20171031|20171031|02|00|00|00
300000851|1000|O01|5100000000304|Traveller Needs - Casual Leasing|00001400|00023969|00130453|LOT NO S3-1A-A03|00000000|0|20170301|20170331|20171231|09|00|00|00
300002754|1000|C01|4100000000028|Self Managed Car Park - Zon C klia2 (Cont fr 4100000000019 Dec 2016)|00001000|00021642|00130849|Self Managed Car Park - Zon C klia2|00000000|0|20170101|00021130|0|95|00|00|00
300005403|1000|C01|4100000000042|Touch N Go Sdn Bhd ( 406400-x) - contract before 41-27|00001000|00024500|00130948|Touch N Go Sdn Bhd ( 406400-x)|00000000|0|20170501|00021130|0|91|00|00|00
300005764|1000|T04|3400000000005|NAKANO CONSTRUCTION SDN BHD|00001000|00023288|00130898|HS(D) 7507|00000000|0|20161101|20171111|20171111|12|06|00|00
300005982|1000|M02|2200000000167|C.S.R Coffee.Sandwich.Revival|00001000|00023728|00130912|LOT NO CPD 19B, CONTACT PIER DOMESTIC, KLIA|00000000|20190228|20170301|20190228|20190228|23|00|00|00
MAN|1000|O01|5100000000316|ERAMAN Toys Promo CP|00001000|00024421|00130941|Lot 11, CP International, KLIA|00000000|0|20170701|20170731|20171231|05|00|00|00
300004086|1000|O01|5100000000280|CUIR BOUTIQUE|00001400|00023183|00130438|LOT S1-1A-A05 (Casual Leasing)|00000000|0|20160801|20161031|20180331|19|00|00|00
300005453|1000|O01|5100000000281|SITI KHADIJAH PROMOTION|00001400|00023326|00130441|LOT NO S2-3-L19, SECTOR 2, DEPARTURE HALL KLIA2|00000000|0|20161001|20161031|20171231|14|00|00|00
300005442|3000|O01|5100000000443|MWM TRADING|00003017|00020872|00130135|LOT DL06, DEPARTURE LEVEL|00000000|0|20151101|20151130|20180131|26|00|00|00
300005979|3000|O01|5100000000746|DAILY PROMO-TEAM SPORTS|00003020|00013331|00130081|Welcome Lounge, Airside Arrival Hall|00000000|20171116|20171115|20171116|20171116|00|00|00|00
300002754|3000|C01|4100000000014|Miri Airport - Self Managed Car Park (Cont fr 4100000000007 Oct 2017)|00003073|00021725|00130186|Miri Airport - Self Managed Car Park|00000000|0|20171101|00021130|0|85|00|00|00
300005900|3000|A01|1100000000581|DAILY ADV - GNE HMP SDN BHD|00003014|00024160|00130056|ADV/MKZ/MTB (B)/01|00000000|0|20170601|20171231|20171231|06|00|00|00
300005980|3000|O01|5100000000747|DAILY PROMO-KL/RIZAL AGENCY (AIA PUBLIC TAKAFUL)|00003013|00022958|00130149|PC 06, PUBLIC CONCOURSE|00000000|0|20171116|00021130|0|85|00|00|00
300005807|5000|M02|2200000000022|LOT FG01 MAMAK KANDAQ RICE|00005090|00024537|00130040|LOT FG01,MTB  (MAMAK KANDAQ RICE)|00000000|0|20170801|00021130|0|88|00|00|00
300005893|3000|O01|5100000000699|LABUAN COCONUT SHAKE|00003057|00024347|00130149|L1L14 (P)|00000000|0|20170701|20170930|20171231|05|00|00|00
300005443|3000|A01|1100000000611|WEIL RESOURCES SDN BHD|00003012|00020878|00130085|MTB/ADV/BB/33|00000000|0|20171101|20181031|20181031|11|01|00|00
300005443|3000|A01|1100000000611|WEIL RESOURCES SDN BHD|00003012|00020877|00130086|MTB/ADV/BB/34|00000000|0|20171101|20181031|20181031|11|01|00|00
300005862|3000|O01|5100000000679|IKHWAN HAKIM NATURES ENTERPRISE|00003016|00024124|00130091|MTA04/T, ARRIVAL HALL (LANDSIDE)|00000000|0|20170501|20171031|20180131|08|00|00|00
300001359|3000|P01|9200000000067|SUPRI MANAGEMENT - FASHION AND / OR ACCESSORIES|00003011|00010058|00130101|L2AR17, Level 2, Domestic Departure/Arrival (Airside)|00000000|0|20151001|20170930|20190930|47|00|00|00
300002408|3000|M02|2200000000185|PLAZA PREMIUM LOUNGE MALAYSIA SDN BHD|00003020|00009762|00130050|LOT NO A3, PUBLIC CONCOURSE|00000000|0|20160401|20190331|20171031|18|05|00|00
300005649|3000|M05|2500000000254|SKY|00003051|00009499|00130016|LOT NO. L1A09, LEVEL 1, AIRSIDE|00000000|0|20161101|20191031|20191031|35|05|00|00
300001831|3000|T01|3100000001610|WESTSTAR AVIATION SERVICE SDN BHD|00003073|00024678|00130220|FA10, FIRST FLOOR, DEPARTURE HALL|00000000|20201031|20171101|20201031|20201031|35|05|00|00
300005981|3000|O01|5100000000748|DAILY PROMO - BIOBOSS MARKETING|00003013|00018304|00130128|PC 03, Public Concourse|00000000|20171130|20171115|20171130|20171130|00|00|00|00
300003486|3000|A01|1100000000610|GAC CARGO SYSTEMS (M) SDN BHD|00003057|00013925|00130090|LOT L1A10|00000000|0|20171101|20181031|20181031|11|01|00|00
300002754|3000|C01|4100000000012|Kuching Airport - Self Managed Car Park (Cont fr 4100000000005 Oct 2017)|00003071|00021347|00130179|Kuching Airport - Self Managed Car Park|00000000|0|20171101|00021130|0|85|00|00|00
